{"cameraMode":{"drawMode":0,"name":"Shaded","section":"Shading Mode"},"sceneLighting":true,"audioPlay":false,"sceneViewState":{"m_AlwaysRefresh":false,"showFog":true,"showSkybox":true,"showFlares":true,"showImageEffects":true,"showParticleSystems":true,"showVisualEffectGraphs":true,"m_FxEnabled":true},"in2DMode":false,"pivot":{"x":-3.302102565765381,"y":16.510406494140626,"z":-40.45509719848633},"rotation":{"x":0.0046303365379571919,"y":0.7127973437309265,"z":-0.00470628822222352,"w":0.7013400793075562},"size":31.314228057861329,"orthographic":true}