{"cameraMode":{"drawMode":0,"name":"Shaded","section":"Shading Mode"},"sceneLighting":false,"audioPlay":false,"sceneViewState":{"m_AlwaysRefresh":false,"showFog":true,"showSkybox":false,"showFlares":true,"showImageEffects":true,"showParticleSystems":true,"showVisualEffectGraphs":true,"m_FxEnabled":true},"in2DMode":false,"pivot":{"x":15.198675155639649,"y":3.8531157970428469,"z":-13.24763298034668},"rotation":{"x":0.002700832672417164,"y":0.9642027020454407,"z":0.009825782850384713,"w":-0.2649826109409332},"size":19.47412872314453,"orthographic":false}